,rewards,success_rates,battery_remaining,storage_overflows,episode_lengths
Baseline,123.6,0.30130569164237897,-0.480591253003587,0.0,26.9
DQN,390.72,0.47388106338106334,9.410441792697839,0.98,88.7
